{
  "$schema": "https://developer.microsoft.com/json-schemas/fabric/item/report/definition/report/1.0.0/schema.json",
  "themeCollection": {
    "baseTheme": {
      "name": "CY24SU06",
      "reportVersionAtImport": "5.56",
      "type": "SharedResources"
    },
    "customTheme": {
      "name": "Nahdi_Theme.json",
      "reportVersionAtImport": "5.56",
      "type": "RegisteredResources"
    }
  },
  "layoutOptimization": "None",
  "objects": {
    "section": [
      {
        "properties": {
          "verticalAlignment": {
            "expr": {
              "Literal": {
                "Value": "'Top'"
              }
            }
          }
        }
      }
    ],
    "outspacePane": [
      {
        "properties": {
          "expanded": {
            "expr": {
              "Literal": {
                "Value": "false"
              }
            }
          },
          "visible": {
            "expr": {
              "Literal": {
                "Value": "false"
              }
            }
          }
        }
      }
    ]
  },
  "resourcePackages": [
    {
      "name": "SharedResources",
      "type": "SharedResources",
      "items": [
        {
          "name": "CY24SU06",
          "path": "BaseThemes/CY24SU06.json",
          "type": "BaseTheme"
        }
      ]
    },
    {
      "name": "RegisteredResources",
      "type": "RegisteredResources",
      "items": [
        {
          "name": "Home_button_logo.png",
          "path": "Home_button_logo.png",
          "type": "Image"
        },
        {
          "name": "home_page_logo.png",
          "path": "home_page_logo.png",
          "type": "Image"
        },
        {
          "name": "Nahdi_Background.jpeg",
          "path": "Nahdi_Background.jpeg",
          "type": "Image"
        },
        {
          "name": "logo_mini.png",
          "path": "logo_mini.png",
          "type": "Image"
        },
        {
          "name": "Nahdi_Theme.json",
          "path": "Nahdi_Theme.json",
          "type": "CustomTheme"
        }
      ]
    }
  ],
  "settings": {
    "useStylableVisualContainerHeader": true,
    "defaultDrillFilterOtherVisuals": true,
    "allowChangeFilterTypes": true,
    "useEnhancedTooltips": true,
    "useDefaultAggregateDisplayName": true
  }
}