{
  "$schema": "https://developer.microsoft.com/json-schemas/fabric/item/report/definition/page/1.0.0/schema.json",
  "name": "Homepage",
  "displayName": "Homepage",
  "displayOption": "FitToPage",
  "height": 720,
  "width": 1280,
  "objects": {
    "background": [
      {
        "properties": {
          "image": {
            "image": {
              "name": {
                "expr": {
                  "Literal": {
                    "Value": "'Background.png'"
                  }
                }
              },
              "url": {
              "expr": {
                "ResourcePackageItem": {
                  "PackageName": "RegisteredResources",
                  "PackageType": 1,
                  "ItemName": "Background4388.png"
                }
              }
            },
              "scaling": {
                "expr": {
                  "Literal": {
                    "Value": "'Fit'"
                  }
                }
              }
            }
          },
          "transparency": {
            "expr": {
              "Literal": {
                "Value": "50D"
              }
            }
          }
        }
      }
    ]
  }
}